,Normal,Singlish,Custom,Advanced
count,1000.0,1000.0,1000.0,1000.0
mean,-0.008589300000000001,-0.008589300000000001,-0.8738131577670574,-0.4412012288835287
std,0.2756729811353242,0.2756729811353242,0.2515312871789811,0.20252768079433964
min,-0.9939,-0.9939,-0.9956751465797424,-0.9578181880950928
25%,0.0,0.0,-0.9154300093650818,-0.4577150046825409
50%,0.0,0.0,-0.9154300093650818,-0.4577150046825409
75%,0.0,0.0,-0.9154300093650818,-0.4577150046825409
max,0.9959,0.9959,0.9953617453575134,0.9758014525890352
